I will go.,जि वने त्यना ।
I am sad.,जिगु नुगः मछिन ।
I am at home.,जि छेँय् दु ।
I like to drink.,जितः त्वने मास्तिवल ।
I live in Kathmandu.,जि येँय् च्वंच्वना ।
I like to have a cup of tea.,जित छगू कप च्या त्वने मास्ति व: ।
he is my best friend.,व जिम्ह बांलाःम्ह पासा खः ।
I like to go to the cinema hall.,जितः सिनेमा हलय् वने य: ।
Name: DVD Name Mostar and can rename it.,नां : डीभीडी नां मोस्टर व वयागु नां हीके ज्यू ।
Your real life partner is your body.,छिगु बास्तविक जीवनया पासा धयागु हे छिगु शरिर ख: ।
That movie brought me tears in my eye.,व संकिपा स्वयाः जिगु मिखां ख्वबि हाल ।
I could not control laughing while watching the movie.,जिं प्याखं स्वस्वं न्हिले पिये मफुत ।
I could not control laughing while watching the movie.,संकिपा स्वस्वं जिं थःगु न्हिला दिके मफुत ।
"Console her, she is crying.","व ख्वयाच्वन, वैत ह्ययेकि ।"
My friend made me cry.,जिमि पासां जितः ख्वयेकल ।
I am wiping her tears.,जिं वयागु ख्वबि हुयाच्वना ।
Never let her cry.,वयात गुब्लें नं ख्वयेके मते ।
Why did you make her cry.?,वयात छिं छाय् ख्वयेका दियागु ?
Never let tears come to her eye.,वयात गुब्लें नं ख्वयेका दी मते ।
Never let tears come to her eye.,वयागु मिखाय् गुब्लें नं ख्वबि हायेके बी मते ।
It is tears of joy.,थ्व लसतां जाःगु ख्वबि ख: ।
My sister shed tears of joy when she heard the good news.,जिमि केहेँचं भिंगु बुखँ न्यनाः लसतां जाःगु ख्वबि हायेकल ।
My mother burst into tears after seeing me.,जिमि मां जितः खनेवं ख्वया दिल ।
My mother burst into tears after seeing me.,जित खनेवं जिमि मामं ख्वबि हायेका दिल ।
"If you like what you see, click here.",छिं छु खंकादिया छितः यल धाःसा थन तियादिसँ ।
"If you like what you see, click here.","छिं छुं स्वयादियाः छितः यलधाःसा, थन तियादिसँ ।"
One day I will shatter his arrogance.,छन्हु जिं वयागु अहंकार चकनाचुर याये तिनि ।
His arrogance has shattered.,वयागु अहंकार चकनाचुर जुल ।
I am joking.,जिं ख्याः यानाच्वना ।
I will meet you again.,जिं छितः हाकनं नाप लाये ।
The game has finished.,थ्व कासा क्वचाल ।
The game is finished.,कासा क्वचाल ।
The game has ended.,कासा क्वचाःगु जुल ।
The game is ended.,कासा क्वचाल ।
The game was over.,कासा क्वचाल ।
The game is over.,कासा क्वचाःगु ख: ।
The game is completed.,थ्व कासा पूवंक क्वचाल ।
The game is not playing today because of the Rain.,थौं वा वःगुलिं कासा मन्ह्यात ।
The game has been postponed today.,थौं कासा लिछ्यात ।
The library is open.,सफुकुथि चाःगु दु ।
The library is not open.,सफूकुथि चाःगु मदु ।
The library is not yet open.,सफूकुथिइ आः तक नं चाःगु मदु ।
Why the library is not open today?,थौं सफूकुथि छाय् मचाःगु ?
I will go early.,जि याकनं हे वने ।
Today I will go early.,जि थौं न्हापां वने ।
I like her.,जितः व यः ।
I do not want to marry her.,जि वनाप इहिपाः याये मयः ।
I am not going to marry her.,जि वलिसे इहिपाः याये त्यनागु मदु ।
I do not like to marry her.,जि वलिसे इहिपाः याये मास्ति मवः ।
He is satisfied.,व संतुष्ट जुल ।
He is satisfied.,वय्‌कः सन्तुष्ट जुल ।
He is my brother.,व जिमि दाजु खः ।
He is my brother.,व जिमि किजा खः ।
I like to drink alcohol.,जितः अय्‌लाः त्वने य: ।
I am happy today.,थौं जि लय्‌ताः । 
Why are you sad ?,छि छाय् नुगः मछिंका दिया ?
Why you are sad today ?,थौं छि छाय नुगः मछिंका दिया ?
I am watching movie.,जि संकिपा स्वयाच्वना ।
I am going to see movie.,जि संकिपा स्वयेत वनाच्वना ।
My love,जिमि यःम्ह 
My lovely friend,जिमि यःम्ह पासा 
My boy,जिमि पुता 
My boy,जिमि मचा
My son,जिमि पुता
My son,जिमि काय्
My teacher,जिमि स्यनामि
My teacher,जिमि गुरु
Identity,म्हसीका
Identify,म्हसीके
Identify yourself.,छिगु म्हसीका बियादिसँ ।
My babe,जिमि यःम्ह
My baby,जिमि पुता
My baby,जिमि मचा
My TV is not working.,जिगु टिभी चले मजुया च्वन ।
My TV is not working.,जिगु टिभिं ज्या यानाच्वंगु मदु ।
My TV is not working.,जिगु टिभिं ज्या यानाच्वंगु मदु ।
My daughter,जिमि म्ह्याय्
I am going to repair the TV.,जिं टिभी भिंके त्यनागु दु ।
I am going to repair the TV.,जिं टिभी दयेके त्यनागु दु ।
I have very old TV.,जिके तसकं पुलांगु टिभी दु ।
My TV is very old but good.,जिगु टिभी पुलांगु जूसां बांलाः ।
Please mention your qualification.,छिगु योग्यता धयादिसँ ।
Call me after one hour.,जितः छघौ लिपा स्वापू तयादिसँ ।
Call me after one hour.,जितः छघौ लिपा फोन यानादिसँ ।
I played football while in school.,जि ब्वनेकुथी ब्वनाबलय् भकुंग्वारा कासा म्हिता ।
I played football in school.,जि ब्वनेकुथी भकुंग्वारा कासा म्हिता ।
The story of the past life of Lord is called Buddha Jataka tale.,भगवान बुद्धयागु न्हापायागु जन्मया बाखंयात जातक बाखं धाइ ।
The legend of the merchant Simhal is known as Valahassa Jataka.,सिंहल सार्थबाहा बंजाःया बाखंयात वालाहासा जातक धकाः धाइ ।
"According to the story, Simhal Sharthabaha went on a business trip with 500 other merchants.",थुगु बाखं कथं सिंहल सार्थबाहा ५०० सः बंजाःतय्‌गु पुचः मुंकाः ब्यापार याःवंगु जुल ।
I am a Doctor.,जि छम्ह डाक्टर खः ।
I eat fruit.,जिं सिसाबुसा नये ।
I eat fruit.,जिं फलफुल नये ।
it eats rats.,थ्वं छुँ नइ ।
Drink lots of water every day.,न्हिं न्हिं यक्व ल: त्वँ ।
I drink wine.,जिं थ्वँ त्वने ।
I drink wine.,जिं अय्‌लाः त्वने ।
I got drunk.,जित अय्‌लाखं काल ।
I am drinking milk.,जिं दुरु त्वनाच्वना ।
Who drink all the milk ?,सुनां फुकं दुरु त्वन ?
Who drink all the milk ?,मुकं दुरु सुनां त्वन ?
Looks like he's drunk.,व अय्‌लाखं काः थें च्वं ।
she is drinking water from a stone spout.,वं ल्वहंहितिं ल: त्वनाच्वंगु दु ।
a child drinks mother's milk.,मचां मांयागु दुरु त्वनी ।
I am watching a movie.,जि संकिपा स्वयाच्वना ।
I am watching a movie.,जि प्याखं स्वयाच्वना ।
That movie made me cry.,व प्याखनं जितः ख्वयेकल ।
That movie brought me tears in my eye.,व संकिपां यानाः जिगु मिखां ख्वबि हाल ।
I could not control laughing while watching the movie.,जिं प्याखं स्वस्वं न्हिले पी मफुत ।
I could not control laughing while watching the movie.,संकिपा स्वस्वं जिं थःगु न्हिला दिके मफुत ।
"Console her, she is crying.","व ख्वया च्वन, वैत ह्ययेकि ।"
My friend made me cry.,जिमि पासां जितः ख्वयेकल ।
I am wiping her tears.,जिं वयागु ख्वबि हुयाच्वना ।
Never let her cry,वयात गुब्लें नं ख्वयेके मते ।
Why did you make her cry ?,वयात छिं छाय् ख्वयेका दियागु ?
Never let tears come to her eye,वयात गुब्लें नं वया मिखाय् ख्वबि वयेके बी मते ।
Never let tears come to her eye.,वयागु मिखां गुब्लें नं ख्वबि हायेके बी मते ।
It is tears of joy.,थ्व लसतां जाःगु ख्वबि ख: ।
My sister shed tears of joy when she heard the good news.,जिमि केहेँचं भिंगु बुखँ न्यनाः लसतां जाःगु ख्वबि हायेकल ।
My mother burst into tears after seeing me.,जिमि मां जितः खनेवं ख्वयादिल ।
My mother burst into tears after seeing me.,जितः खनेवं जिमि मामं ख्वबि हायेका दिल ।
"If you like what you see, click here.",छिं छु खंकादिया छितः यल धाःसा थन तियादिसँ ।
"If you like what you see, click here.","छिं छु स्वयादिया छितः यल धाःसा, थन तियादिसँ ।"
One day I will shatter his arrogance.,छन्हु जिं वयागु अहंकार चकनाचुर याये तिनि ।
His arrogance has shattered.,वयागु अहंकार चकनाचुर जुल ।
I am joking.,जिं ख्याः यानाच्वना ।
I will meet you again.,जिं छितः हाकनं नाप लाये ।
"Lost in thought, he looked into the eyes of women",बिचालय् दुबिनाः वं मिसायागु मिखाय् स्वल ।
Thinking he looked into the woman's eyes.,बिचाः यायां वं मिसायागु मिखाय् स्वल ।
She is my friend.,व जिमि पासा ख: ।
Unplug the unit from the outlet when not in use and when cleaning.,ज्या मदइबलय् व सुचुकुचु यायेबलय् आउट लेटया यूनिटयात छुटे यानादिसँ ।
You should complete the above procedure before attempting the second part of Step 2., २ गूगु पलाःया निगूगु ब्बयात ह्याके न्ह्यः च्वय्‌या प्रक्रिया पूवंके मा: l
"Finally, I could save that file to the drive we are using.","लिपतय्, जिं फाईलयात झीसं ज्या यानाच्वनागु ड्राइभय् बचे यायेफत ।"
Printed Home Textile Magic Compressed Towel.,छेँय् ज्या ख्यलय दइगु कापः भुलांज्या ध्वानातःगु रुमाल 
After dinner I do homework for a little while.,ब्यलि यायेधुंकाः जि पलख होमवर्क याये ।
"After rinsing, screw the privacy pin through the rosette, into the latch.","सफा यायेधुंकाः, रोसेटया माध्यमं चुकू तयाः दुबिस्ता संकेत हीका दिसँ l"
"Screw the privacy pin through the rosette, into the latch.",दुबिस्ता सिगनल रोसेटिया माध्यमं चुकू तयाः हिकादिसँ l
You think that the woman has gone blind.,छं स्वयेबलय् छु थ्व मिसा कां जूगु खः ।
Perhaps the biggest disadvantage to communities are teenage boredom.,सायद समुदायया नितिं दकसिबय् बांमलाःगु खँ ल्याय्‌म्हतय्‌गु उदासीनता ख: l
Oh my Friend,ओहो जिमि पासा 
He looked at the woman thoughtfully.,वं तस्कं बिचाः यानाः व मिसायात स्वल ।
"When in not use, unplug the filter outlet weight unit.",छ्यले मतःबलय् फिल्टर आउटलेटया भार इकाईयात अनप्लग यानादिसँ ।
How can the Lord save us from suffering?,झीत दुःखं गथे यानाः द्यवं बचय याना बिज्याइ ?
I cannot finish speaking.,जिं खँ क्वचायेके मफया च्वन ।
There are four great ocean.,प्यंगू त:धंगु समुद्र दु ।
People will forget what you said.,छिं धयादीगु खँ मनूतय्‌सं ल्वःमंकी ।
please explain for me.,जित: थुइका बियादिसँ ।
He can manifest holy power.,वय्‌कलं पवित्र शक्तिं प्रकट यानादी फु ।
I do it for saving the ferry.,जिं दुंगायात बचे यायेत थथे यानागु खः ।
The Universe is a vast body.,ब्रह्माण्ड छगू विशाल पिण्ड ख: ।
I will save all of them.,जिं सकसितं रक्षा याये ।
The sky rain down wonderful flower.,सर्गतं वा वइ थें अदभूत स्वां कुतुं वल ।
Bhagwan accepted the Lotus.,भगवानं पलेस्वां स्विकार याना बिज्यात ।
Avalokitesvara came to save the people.,मनूतय्‌त रक्षा यायेत अवलोकितेश्वर बिज्यात ।
Avalokitesvara came to save living beings.,प्राणीतय्‌त रक्षा यायेत अवलोकितेश्वर बिज्यात ।
The source of all existence.,मुक्कं अस्तित्वया स्रोत
Inside the city there were hungry ghost.,देसय् दुने पित्याःपिं ख्याः दयाच्वन ।
You should complete the process before step 2.,पलाः २ न्ह्यव छिं प्रक्रिया पूवंके माः ।
"Lastly, you can use drive consent file to ensure.","लिपतय्, पक्का यायेत छिं ड्राइभ कन्सेंट फाईल छ्यले फु ।"
"Lastly, you can use the drive consent file to ensure your savings.","लिपतय्, छिं छिगु बचत पक्का यायेत ड्राइभ कन्सेंट फाईल छ्यले फु ।"
Printed Home Fabric Magic Compressed Towel.,ध्वानातःगु छेँय् ज्याख्यलय् याइगु कापः क्वचिंगु भुलांज्या रुमाल
My homework started at some point in the past.,जिगु होमवर्क छुं ई न्ह्यवंनिसें शुरु यानागु जुल ।
your parents are around the house.,छिगु मांबाः सकलें छिगु छेँ जःखः दइ ।
I want to ask you a question.,जिं छितः छुं न्ह्यसः न्यने मास्ति वः l
I have a question to ask you.,छितः न्यनेत जिके न्ह्यसः दु ।
It's one thirty at night.,चान्हसिया छताः व सुइगू मिनेट जुल ।
It's one thirty at night.,चान्हसिया छताःत्या ई जुल ।
Screw the privacy pin through the rosette into the latch.,दुबिस्ता सिगनल रोसेटिया माध्यमं चुकू तयाः हीका दिसँ l
I like to sing.,जितः मे हाले य ।
Does Kate work in a travel agency?,केट ट्रावेल एजेन्सी ज्या याइगु खःला ?
dog barking loudly.,खिचा तसकं उयाच्वन ।
I killed a chicken with a knife.,जिं चक्कुं खा स्याना ।
Be Happy.,खुशी जु ।
She is my grandmother.,वय्‌कः जिमि अजि खः ।
She is my grandmother.,वय्‌कः जिम्ह अजि खः ।
He told me that on his last vacation.,वं लिपांगु विदाय् जितः धाःगु खः ।
I love going to the theater but it's expensive.,जित प्याखं स्वः वने य: तर थ्व तसकं थिके । 
Who is that girl.,व मिसामचा सु ख: ?
I hope you are able to pass SLC exam in A grade.,छं एसएलसी जाँच ए ग्रेडय् पास याइ धकाः जिं भलसा याना ।
Where was I born Where did you go to primary school?,जि गन जन्म जुया छि गुगु प्राइमरी ब्वनेकुथी झाया ?
friendship sometimes ends in love.,मित्रता गुबलें गुबलें मतिनाय् ब्वलनी ।
this is my shirt.,थ्व जिगु कमीज खः।
I am a blacksmith.,जि नँकःमि ख: ।
can you give me Rs. 500 loan for a week.,जितः छिं छवाःया नितिं न्यास: दां त्यासा बी फइ ला ?
I want to go see a movie with you.,जित छिनाप प्याखं स्ववने मास्ति व:
I am not a Robot.,जि रोबोटो मखु ।
do you know her ?,छिं वयात म्हस्यू ला ?
I'm going to see my grandmother.,जि जिमि अजियात नाप लायेत वनाच्वना ।
She lives in a house behind those trees.,व हुंकन सिमाया ल्यूने च्वंच्वन ।
thank you for helping me to take my photo.,जिगु किपा कायेत जितः गुहालि याना दीगुली छितः सुभाय् ।
Where are you coming from?,छि गनं झाया दियागु ?
This is not the advantage of technology.,थ्व प्रविधिया फाइदाया खँ मखु ।
this is our classroom.,थ्व जिमिगु ब्वनेगु क्वथा खः । 
People should watch TV less.,मनूतय्‌सं म्ह्व जक टिभि स्वयेमाः ।
Verbal or physical signs in 4 out of 5.,ल्हाइगु व संकेत भाय् न्यागू ल्याः मध्यय् प्यंगू ल्याः
Call 911 in an emergency.,आपद जुइबलय् ९११ स फोन यानादिसँ ।
You have to call 911 in an emergency.,आपत जुइबलय् छिं ९११ य् फोन यायेमाः ।
I lost my cow.,जिं जिम्ह सा तंका ।
I read a book.,जिं छगू सफू ब्वना ।
I am going to eat.,जिं नये त्यनागु दु ।
I am going to eat.,जि नः वने त्यनागु दु ।
I love my girlfriend.,जिं जिमि मिसापासायात मतिना याना ।
I love my friend.,जितः जिमि पासा य: ।
What do you do ?,छं छु यानाच्वंनागु दु ?
What do you do ?,छि छु याना दिया ?
I am beautiful.,जि बांलाः ।
I am beautiful girl.,जि बांलाःम्ह मिसा ख: ।
I don't know your offer.,जिं छिगु धापू मथुल ।
I don't know your proposal.,जिं छिगु प्रस्ताव मथुल ।
The owner lives in the first floor.,थुवा: न्हापांगु तल्लाय् च्वनादी ।
The owner lives on the first floor.,थुवा: मातनय् च्वनादी ।
I’m going to play.,जि म्हितेत वनाच्वना ।
I’m going to play.,जि कासा म्हितेत वनाच्वना ।
I’m going to enjoy football.,जि फुटबल कासा स्वये य: ।
I like to play football.,जितः फुटबल म्हितेगु यः ।
I like to play football.,जितः फुटबल म्हिते यः ।
I enjoy football.,जित फुटबल म्हिते मास्ति वः ।
I like to play football.,जितः फुटबल म्हिते यः ।
I like to play football.,जितः फुटबल कासा म्हिते यः ।
I like to play football.,जितः फुटबल म्हितेगु यः ।
I am glad I could help you.,छित गुहालि यायेदयाः जि तसकं लय्‌ताः ।
I am in the hospital.,जि अस्पतालय् दु ।
I’m going to eat rice.,जि जा नयेत वनाच्वना ।
I’m going to eat rice.,जि जा नः वने त्यना ।
My grandfather is 95 years old.,जिमि बाज्या ९५ दँयाम्ह ख: ।
My grandfather is 95 years old.,जिमि अजा ९५ दँ दुम्ह ख: ।
Grandfather,बाज्या
Grandfather,अजा
Grandmother,बजे
Grandmother,अजि
Grandson,छय्
Granddaughter,छय्
father-in-law,ससःअबु
father-in-law,बाःजु
mother-in-law,ससःमां
mother-in-law,माजु
Sister in law,ससः केहें
Sister in law,केहेंभत
brother in law,ससःकिजा
brother in law,किजाभत
son in law,जिलाजं
son in law,जिजाभाजु
Daughter in law,भौमचा
Daughter in law,भम्चा
Hungry,नये पित्यात
Are you hungry?,छितः नये पित्यात ला ?
We're holding events in the park.,जिमिसं पार्कय् कार्यक्रम याये त्यनागु दु ।
We are organizing program in the park.,जिमिसं पार्कय् ज्याझ्वः न्ह्याका च्वनागु दु ।
"May I know your name, Please.",छिगु नां छु ख: धयादिसँ ।
Listen there the noise.,अन हा:स तायेदु ।
Nobody likes you.,छित: सुनानं मययेकू ।
Are you going to marry soon?,छु छिं याकनं इहिपाः याये त्यनागु ख: ला ?
Try to learn Spanish language it is important.,"स्पेनिश भाय् सयेकेगु कुतः यानादिसँ, थ्व अतिकं महत्वपूर्ण जू ।"
They asked me many questions.,उमिसं जितः यक्व न्ह्यसः न्यन ।
I am a medical professional.,जि छम्ह चिकित्सा पेशायाम्ह खः ।
I like to work.,जित: ज्या याये य: ।
why are you late?,छि छाय् लिबात ?
I like cake.,जित केक य: ।
How many animals are there in the zoo?,चिडियाखानाय् गुलि जनावरत दु ?
I started working.,जिं ज्या सुरु याना ।
I drink milk.,जिं दुरु त्वने ।
Please click here.,थन तियादिसँ ।
He speaks too much.,वं आपाः हे खँ ल्हाइ ।
You can remember the Lord while in trouble.,दुःख जुइबलय् छिं भगवानयात लुमंका दी फु ।
Show them the correct way to liberation.,इमित मोक्षया बांलागु लँपु क्यनाब्यु ।
He will gain peace and liberation.,वयात शान्ति व मुक्ति लायेमा ।
You can remember the name of Bodhisattva.,छिं बोधिसत्वया नां लुमंका दी फु ।
Bodhisattva's solid vows can be fulfilled.,बोधिसत्वया प्रतिज्ञा पूर्ण जुयेमा ।
Please collect fund for helping the poor.,चीमिपिन्त ग्वाहालिया नितिं दां जम्मा यायेत दां मुंका दिसँ ।
Please save us.,जिमित बचय् यानादिसँ ।
Sexual misconduct.,यौन दुराचार 
Criminals,अपराधि
sufferings,कष्ट
fear,त्रास
peace,शान्ति
peaceful mind,शान्त चित्त
Birth is the start of life.,जन्म जीवनया शुरुवात खः ।
I can count people in the party.,पार्टीइ जिं मनू ल्याः खाये फु ।
Please give food to the poor.,चीमिपिन्त नसा ब्यु ।
Please donate for the social Organization.,सामाजिक संघ संस्थायात दान यानादिसँ ।
After the invention of paper writing started.,भ्वंया आविष्कार जुयांलि च्वयेगु ज्या न्ह्याःगु जुल ।
Gold is used for making ink for writing.,च्वयेगु नितिं मसि दयेकेत लुँयात छ्यली ।
Carbon black from lamp is used for making ink.,मसि दयेकेत मतया हाकः छ्यली ।
He signed the document.,वं दस्तावेजय् हस्ताक्षर यात ।
He signed the contract documents.,करारनामा भ्वँतय वय्‌कलं हस्ताक्षर यानादिल ।
He came to my house yesterday.,व म्हिगः जिगु छेँय् वल ।
He came to see me yesterday.,जितः नाप लायेत वय्‌कः म्हिगः झाल ।
He came to see me in the hospital.,व जितः स्वयेत अस्पतालय् वःगु खः ।
Will you meet me again ?,छं जितः हाकनं नाप लाये फै ला ?
Smooth move.,पिचुक्क न्ह्यात ।
That day I realize that I am wrong.,उबलय् जि चायेका कि जि गलत खः ।
This is different from a paraphrase.,थ्व हीकेगु स्वयां पाः ।
I told you to call me after one hour.,छघौ लिपा जितः फोन यायेत जिं छन्त धया ।
I am documentary maker.,जि डकुमेन्ट्री दयेकीम्ह खः ।
I do not have much time.,जिकेय् यक्व ई मदु ।
I just want to get an interview with you.,जि छिलिसे खँल्हाबल्हा न्ह्याके मास्ति व: ।
She accepted my offer.,वं जिगु धापूयात स्वीकार यात ।
I got a job which is very satisfactory.,"जितः ज्या दत, थ्व जितः तसकं संतोषजनक ताल ।"
I am just taking you an interview.,जिं छिगु खँल्हाबल्हा कायेत वयाच्वना ।
She got mad.,व उइँ जुल ।
You can trust me.,छं जितः भलसा यायेफु ।
You keep always update.,छ न्ह्याबलें अपडेट जुयाच्वँ ।
He does it whenever he wants.,गुबलय् वया यल उबलय् वं थ्व याइ ।
"No, No it is not like this.","मखु, मखु थ्व थथे मखु ।"
"Now listen, the truth is always not believable.","आः न्यनादिसँ, सत्य खँ न्ह्याबलें पत्याः याये बहः जुइ मखु ।"
Truth is always bitter.,सत्य न्ह्याबलें खायू जुइ ।
How much do you earn?,छिगु आमदानी गुलि ख: ?
Now give me your answer.,आः जितः छिगु लिसः बियादिसँ ।
The game has finished.,थ्व कासा क्वचाल ।
The game is finished.,कासा क्वचाल ।
The game has ended.,कासा क्वचाःगु जुल ।
The game is ended.,कासा अन्त्य जुइ ।
The game was over.,कासा क्वचाल ।
The game is over.,कासा क्वचाःगु ख: ।
The game is completed.,थ्व कासा पूवंक क्वचाल ।
The game is not playing today because of the Rain.,थौं वा वःगुलिं कासा मन्ह्यात ।
The game has been postponed today.,थौं कासा लिछ्यात ।
The library is open.,सफुकुथि चाःगु दु ।
The library is not open.,सफुकुथि चाःगु मदु ।
The library is not yet open.,सफुकुथिइ आः तक नं चाःगु मदु ।
Why the library is not open today?,थौं सफूकुथि छाय् मचाःगु ?
I will go early.,जि याकनं हे वने ।
Today I will go early.,जि थौं न्हापां वने ।
I like her.,जितः व यः ।
I do not want to marry her.,जि व नाप इहिपाः याये मास्ति मवः । 
I am not going to marry her.,जि वलिसे इहिपाः याये त्यनागु मदु । 
I do not like to marry her.,जि वलिसे इहिपाः याये मयः ।
He is satisfied.,व संतुष्ट जुल ।
He is satisfied.,वय्‌कः सन्तुष्ट जुल ।
He is my brother.,व जिमि दाजु खः ।
He is my brother.,व जिमि किजा खः ।
I like to drink alcohol.,जित अय्‌लाः त्वने य: ।
I am happy today.,थौं जि लय्‌ताः ।
Why are you sad ?,छि छाय् नुगः मछिंका दिया ?
Why you are sad today ?,थौं छि छाय् नुगः मछिंका दिया ?
I am watching movie.,जि संकिपा स्वयाच्वना ।
I am going to see movie.,जि संकिपा स्वयेत वनाच्वना ।
My love,जिमि यःम्ह
My lovely friend,जिमि यःम्ह पासा
My boy,जिमि पुता
My boy,जिमि मचा
My son,जिमि पुता
My son,जिमि काय्
My teacher,जिमि स्यनामि
My teacher,जिम्ह गुरु
Identity,म्हसीका
Identify,म्हसीके
Identify yourself.,छिगु म्हसीका बियादिसँ
My babe,जिमि यःम्ह
My baby,जिमि पुता
My baby,जिमि मचा
My TV is not working.,जिगु टिभी चले मजुया च्वन ।
My tv is not working.,जिगु टिभी ज्या यानाच्वंगु मदु ।
My tv is not working.,जिगु टिभिं ज्या यानाच्वंगु मदु ।
My daughter,जिमि म्ह्याय्
I am going to repair the TV.,जिं टिभी भिंके त्यनागु दु ।
I am going to repair the TV.,जिं टिभी दयेकः वनेत्यनागु दु ।
I have very old TV.,जिकेय् तसकं पुलांगु टिभी दु ।
My Tv is very old but good.,जिगु टिभी पुलांगु जूसां बांलाः ।
Please mention your qualification.,छिगु योग्यता धयादिसँ ।
Call me after one hour.,जितः छघौ लिपा स्वापू तयादिसँ ।
Call me after one hour.,जितः छघौ लिपा फोन यानादिसँ ।
I played football while in school.,जि ब्वनेकुथी ब्वनाबलय् भकुंग्वारा कासा म्हिता ।
I played football in school.,जि ब्वनेकुथी भकुंग्वारा कासा म्हिता ।
It might be my fault .,थ्व जिगु द्वपं जुइफु ।
I did not know.     ,जिं मस्यू ।
He is our family member.   ,वय्‌कः जिमि छेँया दुज: ख: ।
I am a Doctor.,जि छम्ह डाक्टर खः ।
I eat fruit.,जिं सिसाबुसा नये ।
I eat fruit.,जिं फलफुल नये ।
it eats rats.,थ्वं छुँ नइ ।
Drink lots of water every day.,न्हिं न्हिं यक्व ल: त्वँ ।
I drink wine.,जिं थ्वँ त्वना ।
I drink wine.,जिं अय्‌लाः त्वना ।
I got drunk.,जितः अय्‌लाखं काल ।
I am drinking milk.,जिं दुरु त्वनाच्वना ।
Who drink all the milk ?,सुनां फुकं दुरु त्वन ?
Who drink all the milk ?,फुक्कं दुरु सुनां त्वन ?
Looks like he's drunk.,व अय्‌लाखं काःम्ह थें च्वं ।
she is drinking water from a stone spout.,वं ल्वहंहितिं ल: त्वनाच्वंगु दु ।
a child drinks mother's milk.,मचां मांयागु दुरु त्वनी ।
I am watching a movie.,जि संकिपा स्वयाच्वना ।
I am watching a movie.,जि प्याखं स्वयाच्वना ।
"The underground petroleum mine is drying up, so we need  to find an alternative to driving our cars.","जमीनं क्वय्‌च्वंगु पेट्रोलया खानी सुना वनाच्वन, उकिं झीसं कार चले याये नितिं छुं विकल्प माले माःगु दु ।"
In one year there are twelve months.,दँछिइ झिंनिला दइ ।
In a week there seven days.,छवालय् न्हय्‌न्हु दइ ।
In a week there are seven days.,न्हय्‌न्हुया छवाः जुइ ।
There are plenty of oranges in the market.  , बजारय् आपालं सन्तरासि खनेदत ।
I am satisfied with my new job.  , जि न्हूगु ज्यां संतुष्ट दु ।
Full moon night is called Punhi in Nepal Bhasa., पामिलाया चायात नेपालभासं पुन्हि धाइ ।
Dark moon night is called Aunshi in Nepal Bhasa., खिमिलाया चायात नेपालभासं अमाइ धाइ ।
The moon is big and bright during Full moon night.,थ्व पुन्हिया चाखुन्हु तिमिला तपाः व चकंगु जुइ ।
Full moon night is special night.  , पुन्हि छगू विशेस चा ख: ।
 We celebrate festival during full moon night.  , पुन्हिया चाखुन्हु झीसं नख:चख: हनेगु याना ।
 The moon is big and bright. , तिमिला तपा व चकंगु जुइ ।
 This is different from a paraphrase.  , थ्व ब्याख्या यायेगु सिबें पाः ।
 She is drinking water from a stone spout., वं ल्वंहितिं ल: त्वनाच्वंगु दु ।
 A child drinks mother's milk., मांया दुरु मचां त्वनी ।
 Respectful words for ladies in Nepal Bhasa is Mayeju.,नेपाल भासां मिस्तय्‌त सम्मान स्वरुप मय्‌जु धाइ । 
 What do you know about him? , छिं वय्‌कःया वारे छु स्यू ?
 Hari is at home., हरि छेँय् दु ।
 The hospital is near my house. , अस्पताल जिमि छेँ लिक्क दु ।
 I am trying to repair my TV. , जिं जिगु टिभी दयेकेगु कुत: यानाच्वना ।
 The owner is not coming today. , छेँथुवाः थौं झाइ मखु ।
 Banana  , केरा
 Banana , म्वाः
She is beautiful.   ,व बांलाः ।
The game is interesting. , थ्व कासा न्ह्याइपु ।
Life is good., जिन्दगी न्ह्याइपु ।
Students went to the school . , ब्वनामिपिं ब्वनेकुथी वन ।
I do not marry with her., जि वनाप इहिपाः याये मखु ।
Who wants to marry with me?, सु जिनाप इहिपाः याये न्ह्याः ?
Who wants to live for ever .   , सु सदां म्वानाच्वने न्ह्याः ? 
I am in road., जि सतकय् लानाच्वन ।
You can trust me.  , छिं जित: पत्याः यायेफु ।
The baby drinks mother's milk., मचां मांयागु दुरु त्वनी ।
I am watching movie., जि संकिपा स्वयाच्वना ।
Can you count them?, छं उकियात ल्याः खाये फु ला ?
Are there five cows?,अन न्याम्ह सात दु ला ?
Where are all these cows going.,थुपिं फुक्कं सा गनं वने त्यंगु ?
Yes my child you know how to count.," ख: जिमि मस्त, छिमिसं गथे यानाः ल्याः खायेगु धकाः सिल ।"
 How many sheep’s are there., अन गुलि भ्याय्‌चा दु ?
I cannot count them all., जिं इपिं फुक्कयात ल्याः खाये मफु ।
Is it the end of school year ?  ,थ्व ब्वनेकुथिया लिपाया न्हि खः ला ?
Is it the last day of the school year? ,थ्व ब्वनेकुथिया लिपांगु न्हि खः ला ?
I did not know that he is our family member.,वय्‌कः नं जिमि छेँया दुज: खः धकाः जिं मस्यू ।
People actually listen to you. ,मनूतय्‌सं छं धाःगु खँ धात्थें न्यनेगु या: ।
 I like to join the group.  , जितः व पुचलय् दुहां वने यः ।
 I like to join this group.  , जितः थ्वः पुचलय् दुहां वने यः ।
 I am going to join this group. ,जि थ्व पुचलय् दुहां वने त्यना  ।
 I do not like to join this group. , जितः थ्व पुचलय् दुहां वने मयः ।
 Can I ask you some question?  , जिं छिके छुं न्हस्: न्यने फै ला ?
 You keep always update.  , छं सदां सुचंयात अध्यावधि याना तयादिसँ ।
Full moon night is special night. ,पुन्हि छगू विशेस चा ख: ।
You can trust me. ,छिं जित: पत्याः यायेफु ।
This is different from a paraphrase.,थ्व ब्याख्या यायेगु सिबें पाः ।
I am trying to repair my TV.,जि जिगु टिभी दयेकेगु कुत: यानाच्वना ।
I am a girl.   , जि छम्ह मिसामचा खः । 
 I am a boy., जि छम्ह मिजंमचा खः ।
Please write an article related to Buddhist Philosophy., बौद्ध धर्म दर्शन वारे च्वसु च्वयादिसँ ।
Please write an article.,च्वसु च्वयादिसँ ।
Thank you for the advice.,छ्याताया निंतिं छितः सुभाय् ।
Are you learning to drive?,छिं गाडी गयेगु सयेका च्वनागु खः ला ?
What is wrong with this car?,थ्व कारय् छु स्यंगु जुल ?   
Time and tide waits for no one.,ई व लबुं स्वैत नं पी मखु ।
Tide,लबु
Leg,तुति
Where are you going ?,छ गन वना च्वना ?
"Try to learn Spanish language, It is important.",स्पेनिस भाय सयेकेगु कुतः यानादिसँ । थ्व महत्वपूर्ण जू ।
It is important.,थ्व महत्वपूर्ण जू ।
I like to go to Kathmandu., जित: येँय् वने य: ।
People grow five thousand Roses in one garden., मनूतय्‌सं छगू क्यबय् न्याद्वः गुलाफ स्वां ह्वयेकी ।
We will not let you go. , जिमिसं छितः वने बी मखु । 
I went to dance., जिं डान्सय् वना । 
Many houses were destroyed by the earthquake.,भुखाचं यानाः आपालं छेँ ध्वस्त जूगु दु ।
Many houses were destroyed by the earthquake.,भुखाचं यानाः आपालं छेँ नष्ट जूगु दु ।
Your house,छिगु छेँ
 What is the name of the company you work for?,छिं ज्या यायेगु कम्पनीया नां छु खः ?
Gold ink is used for writing in the early days.,न्हापाया इलय् च्वयेत लुँयागु मसी छ्यलीगु खः ।
Paper is used for writing., भ्वं च्वयेगु निंतिं छ्यलीगु खः ।
His writing is very good., वय्‌कःया च्वज्या तसकं बांलाः ।
 Gift,द्वहलपा
 Prize, सिरपाः
 All of them eat the fruits from the garden.,इपिं सकस्यां क्यबय् दुगु फलफूल नल ।
 Monkeys likes to eat Banana., माकःयात केरा नये यः ।
 This hospital is not good.,थ्व अस्पताल बां मलाः । 
While crossing the Brahmaputra river was overturned by the storm.,ब्रह्मपुत्र खुसि छिना च्वंबलय् वाफय् वयाः दुंगा फातापुगु जुल् l 
They all were being rescued by demons disguised as beautiful and young ladies. ,सकल बन्जाःतय्‌त बांलाःपिं ल्यासेतय्‌गु भेषय् वःपिं लसिंतय्‌सं इमित उद्धार याःगु जुल ।
All merchants were being taken by five hundred demons to their house. ,सकल बन्जाःतय्‌त न्यासः लसिंतय्‌सं थःथाय् यंकल ।
"They were being given plenty of food, nice ornaments and clothing and were enjoying with the young ladies.",थन इमित माक्व भोजन याकाः बांलाःगु वस: व तिसां तीकाः इपिं ल्यासेपिं लिसे सुखभोग यानाच्वन ।
"As usual, during the night time Simhala Shartha bahaa used to meditate and worship Lord Avalokiteswara. ","सदां धइ थें, चान्हय् सिंहल शार्थवाहा अवलोकितेश्वर भगवानयागु ध्यान व पूजा याइगु जुयाच्वन ।"
One night the lamp happened to laugh and told him that they are in great problem.,"छ्न्हुया चान्हय् च्यानाच्वंगु मत न्हिला हल, अले सिंहल सार्थवाहायात छिपिं तःधंगु विपदय लानाच्वंगु खँ कन ।"
Prajnaparamita is the holy manuscript in Buddhism. ,प्रज्ञापारमिता बौद्धधर्मया पबित्र ग्रन्थ खः ।
Before the invention of paper and ink for writing the learned people used to remember the whole manuscripts.,भ्वं व मसिया आविष्कार जुइन्ह्यव विद्वानपिंसं ग्रंथत कंठष्ठ याइगु जुयाच्वन । 
Tripitak is the oldest Buddhist Manuscripts.  ,त्रिपिटक बौद्धधर्मया दकलय् पुलांगु ग्रन्थ खः ।
The Prajnaparamita is the sacred manuscript in Buddhism.,प्रज्ञापारमिता बौद्धधर्मया पबित्र ग्रन्थ खः ।
I love does who love me.,जिं वैत मतिना याये गुम्हेस्यां जितः मतिना याइ ।  
Let us not be depressed.   ,झासँ थन नुगः मछिंके माःगु मदु ।
You can download this book from the internet.,छिं थ्व सफूयात इन्टरटनेटं डाउनलोड याये फइ ।
I want a glass of water.,जितः छगू ग्लास लः माल ।
I like to watch game in the TV. ,जितः टीभिइ कासा स्वये य: ।
Open the Big Fish Game APP (Game Manager). ,बिग फिश गेम ऐप चायेका दिसँ । (गेम मैनेजर) 
It is difficult to survive in the mountain. ,पहाडय म्वाये तसकं थाकु ।
Devanagari script is used to write Nepali.,नेपाली भाय् च्वयेत देवनागरी लिपि छ्यली ।
There is a better way to write the story. ,बाखं च्वयेत थन बांलाःगु लँपु नं दु ।
I joined the school.      ,जि ब्वनेकुथिइ भर्ना जुया । 
it requires months to achieve the desired result. ,बांलाक्क ज्या पूवंकेया निंतिं छुं ला माली ।
I want to go to Pokhara to see the mountains.  ,च्वापुगुँ स्वयेत जितः पोखरा वने मास्ति वः । 
Mother told me to be gentle. ,मामं जितः ज्ञानी जुइत धाल ।
I am going to enjoy the football game. ,जितः फुटबल कासा म्हिते मास्ते वयाच्वंगु दु । 
We are going to purchase a new car today. ,थौं जिमिसं छगः न्हुगु कार न्याः वने त्यनागु दु ।
Koreans learned how to make paper in 7th century and in the 11th century they began to exporting it to China. ,"कोरियनतय्‌सं ७ शताब्दीनिसें भ्वं दयेकेगु ज्या सयेकल, अले इमिसं ११ शताब्दी निसें चीनय् छ्वयेगु ज्या सुरू याःगु खः ।"
"In order for this to happen, I will have to put more effort into this class. ","थ्व ज्याझःया निंतिं, जिं अझ नं थुगु क्लासय् थप मेहेनत याये मानि ।"
Teaching kids Philosophy makes them smarter in the class.,मस्तय्‌त दर्शनशास्त्र ब्वंकल धाःसा इपिं क्लासय् चलाख जुइ । 
Most of the ancient Buddhist manuscripts are written in ink made from real gold.,आपालं पुलांगु बुद्धधर्म ग्रन्थत लुँयागु मसिं च्वयातःगु ख: ।
"I just washed my hair, the hair is still wet.","जिं नकतिनि म्वः ल्हुया, अझ नं सँ मगंनि ।"
I am going to enjoy my vacation visiting Pokhara.,जि पोखराय् वनाः जिगु बिदा माने याः वनेत्यना ।
This fish is poisonous one can die eating it.,थ्व न्या बिषादि थ्व नल धासाः मनू सी फु ।
For running the event I recommend the KF Chips. ,ज्याझ्वः ह्याकेत केएफ चिप्स छ्यला दीत इनाप याना ।
Scientists found water in the moon surface and the water is brought to get tested in the laboratory. ,वैज्ञानिकतय्‌सं चद्रमाय् ल: दु धकाः लुइकल अले व ल:यात प्रयोगशालाय् परीक्षण यायेत हल ।
Modern medical science developed very sensitive Robot to help in many complicated surgeries.,आधुनिक चिकित्सा विज्ञानं आपालं थाकुगु व जटिल अपरेशन यायेत एकदम संवेदनशील रोबोट विकास यात ।
I am now showing you the fund to help the needy one. ,आः जिं छितः मनूतय्‌त ग्वाहालि यायेत माःगु कोष दयेकेगु खँ कने ।
"Satasahrisika Prajnaparamita manuscript from Bhagwan Bahal with 100,000 stanzas is the biggest volume found in Nepal.",भगवान बहाःयागु छगू लख तुतः दुगु सतसह्रिसिका प्रज्ञापारमिता नेपालय् दुगु दक्कसिबय् तःधंगु ग्रन्थ ख: । 
But he does not know how to do it properly as his wife.,अय्‌नं वय्‌कलं वय्‌कःया कलातं थें पूवंक ज्या याये मस: ।
"Although Women are also given equal opportunity to learn Buddhism, they were never treated as senior to the elderly monks.",मिस्तय्‌त बौद्ध धर्मग्रन्थ ब्वनेत सामान अधिकार ब्यूगु जूसां इमित गुबलें नं भिक्षुपिन्त थें जेष्ठताय् मान्यता ब्यूगु मदु ।
The foster mother of Buddha was the first lady to get membership to the Bhikkshuni Sangha., न्हापांम्ह भिक्षुणी संघया मिसा दुज: बुद्धया चिरिमां ख: । 
"There are five Chinese translation of the Satasahrishika Prajnaparamita with 100,000 stanzas.",छगू लख तुतः दुगु सतसह्रिसिका प्रज्ञापारमिता चिनिया भासं न्याकः भाय् ह्यूगु दु ।
Many Buddhists manuscripts are found in the collection of Museums and library around the globe.,हलिमय् दुगु आपालं म्युजियम व सफूधुकुतिइ बौद्ध धर्मग्रन्थ मुंका तःगु दु ।
"Astasahrisika Prajnaparamita, the oldest Buddhist manuscript belonging to the early 11th century is in the collection of British Museum. ",झिंछगू शताब्दीपाखे ल्हातं च्वयातःगु पुलांगु बौद्ध ग्रन्थ अष्टसह्रीसिका प्रज्ञापारमिता बेलायती म्यूजियमय् तयातःगु दु ।
The story of the past life of Lord is called Buddha Jataka tale.,भगवान बुद्धयागु न्हापाया जन्मया बाखंयात जातक बाखं धाइ ।
The legend of the merchant Simhal is known as Valahassa Jataka.,सिंहल सार्थबाहा बंजाःया बाखंयात वालाहासा जातक धकाः धाइ ।
"According to the story, Simhal Sharthabaha went on a business trip with 500 other merchants.",थुगु बाखंकथं सिंहल सार्थबाहा ५०० न्यासल बंजाःतय्‌गु पुचः मुंकाः ब्यापार याःवंगु जुल l
While crossing the Brahmaputra river was overturned by the storm.,ब्रह्मपुत्र खुसि छिनाच्वंबलय् वाफय् वयाः द्वंगा फातापूगु जुल ।
They all were being rescued by demons disguised as beautiful and young ladies.,सकल बन्जाःतय्‌त बांलाःपिं ल्यासेतय्‌गु भेषय वःपिं लसिंतय्‌सं इमित उद्धार याःगु जुल ।
"They were being given plenty of food, nice ornaments and clothing and were enjoying with the young ladies.  ",थन इमित माक्व भोजन याकाः बांलाःगु वस: व तिसां तियेकाः ल्यासेतलिसे सुखभोग याकातल ।
"As usual, during the night time Simhala Sharthab ahaa used to meditate and worship Lord Avalokiteswara. ",सदां धइ थें चान्हय् सिंहल शार्थवाहा अवलोकितेश्वर भगवानयागु ध्यान व पूजा याइगु जुयाच्वन ।
One night the lamp happened to laugh and told him that they are in great problem. ,"छ्न्हुया चान्हय् च्यानाच्वंगु मत न्हिला हल, अले सिंहल सार्थ्बवाहायात छिपिं तःधंगु विपदय् लानाच्वंगु धकाः खँ कन ।    "
Koreans learned how to make paper in 7th century and in the 11th century they began to exporting it to China. ,"कोरियनतय्‌सं ७ शताब्दीनिसें भ्वं दयेकेगु ज्या स:, अले इमिसं ११ शताब्दीनिसें चिनय् छ्वयेगु ज्या सुरू याःगु खः ।"
"In order for this to happen, I will have to put more effort into this class. ","थ्व ज्याझ्वःया निंतिं, जिं अझ नं थुगु क्लासय् थप मिहनत याये मानि ।"
"After rinsing, screw the privacy pin through the rosette, into the latch.","सफा यायेधुंकाः, दुबिस्ता संकेत रोसेटया माध्यमं हीका दिसँ l"
Scientists found water in the moon surface and the water is brought to get tested in the laboratory. ,वैज्ञानिकतय्‌सं मिलाय् ल: दु धकाः लुइकल अले व ल:यात प्रयोगशालाय् परीक्षण यायेत हल ।
Modern medical science developed very sensitive Robot to help in many complicated surgeries.,आधुनिक चिकित्सा विज्ञानं आपालं थाकुगु व जटिल अपरेशन यायेत एकदम संवेदनशील रोबोट विकास यात ।
This is to be called as the advantage of modern technology.,थ्व छगू आधुनिक प्रविधिया फाइदा हे धायेमाः ।
Unplug the unit from the outlet when not in use and when cleaning.,छ्यलाबुला मजुयाच्वंगु इलय् व सफा यायेबलय् यूनिटयात आउटलेटं अनप्लग यानादिसँ ।
You should complete the above procedure before attempting the second part of Step 2.,निक्वःगु ब्वया निगूगु पलाः न्ह्याके न्ह्यः छिं च्वय् न्ह्यथनातः थें ज्या पूवंके माः ।
"Finally, I could save that file to the drive we are using.","लिपतय्, जिं व फाइलयात झीसं छ्यला वयागु ड्राइभय सेभ यायफै ।"
Why are you here. ,छ थन छाय् ?
It is going to rain soon.      ,याकनं हे वा वये त्यंगु दु । 
Is it Coca-Cola?      ,थ्व कोकाकोला खः ला ?
Always come on time.,न्ह्याबलें इलय् झासँ ।
Today all schools are closed.,थौं फुक्क ब्वनेकुथि बन्द जूगु दु ।
They joined the painting class.,इपिं चित्रकला कक्षा सहभागी जुल ।
Put the cheese in the table.  ,चिजयात तेबुलय तयादिसँ ।
I will go tomorrow,जि कन्हय् वन्य वने ।
What about you?   ,छित: गथे दु ?
I like to watch movie.,जित: प्याखं स्वये यः ।
We are not dead yet.,झी आःतक मसीनि ।
I bought an old car.  ,जिं छगः पुलांगु कार न्याना ।
Recently Win Me.    ,जितः आः त्याका दिसँ ।
I am reading book.,जिं सफू ब्वनाच्वना ।
I was admitted to the hospital.,जित: अस्पतालय् भर्ना याःगु खः । 
This is not the advantage of technology.,थ्व प्रविधिया फाइदाया खँ मखु ।
I don't like that sort of comedy very much.,जितः अज्यागु ख्याः याइगु तसकं मयः ।
Hi I'm Nicos what's your name ?,"ज्वजलपा, जि निकोस छिगु नां छु ख: ?"
I eat. ,जिं नये ।
I am not going to play football. ,जि फुटबल म्हिते त्यनागु मखु ।
I am going to play football. ,जि फुटबल म्हिते त्यनागु खः ।
I got admitted in the hospital. ,जित: अस्पताल भर्ना याःगु खः ।
It's going to rain soon.   ,याकनं हे वा वये त्यंगु दु ।
I like to sing.  ,जित: मे हाले य: ।
Please try like this. ,थथे याना कुतः यानादिसँ ।
How can I trust you? ,छन्त गथे याना जिं पत्याः यायेगु ?
Come home tomorrow. ,कन्हय् छेँय् वा ।
I like to watch movies. ,जित: संकिपा स्वये य: ।
Do you drink Coca-Cola? ,छं कोका-कोला त्वने ला ?
Enjoy luxury.     ,सुबिस्तां आराम कयादिसँ ।
Had a lot of fun !     ,यक्व न्ह्यइपुल !
He is working since yesterday. ,वय्‌कलं म्हिगःनिसें ज्या यानाच्वना दीगु दु ।
The game is interesting. ,कासा न्ह्याइपुगु दु ।
That we are not dead yet.,झी आःतक मसीनि ।
what do you say?      ,छिं छु धयादी ?
He joined the painting class.  ,वय्‌कः चित्रकला कक्षाय् सहभागी जुल ।
What happened she is crying.,"छु जुल, व ख्वयाच्वन ।"
This is Coca-Cola. ,थ्व कोकाकोला खः ।
We are Nepali citizens.,जिपिं नेपालि नागरिक ख: ।
"She said, ""You need to sleep."" ","वं धाल, ""छं द्यनेमाःगु दु ।"""
I like to go out.  ,जितः पिहां वनेयः ।
What is the noise there?,अन छुकेया हा:स: तायेदु ?
They joined the painting class .,इपिं चित्रकला कक्षाय् सहभागी जुल ।
This is not to be called as the advantage of modern technology.,थ्व छगू आधुनिक प्रविधिया फाइदा खः धकाः धायेफै मखु ।
This is to be called as the advantage of modern technology.,थ्व छगू आधुनिक प्रविधिया फाइदा खः धकाः धायेफु ।
Welcome to the class.,क्लासय् लसकुस दु ।
The post office is next to the subway station.,पोष्ट अफिस सबवे स्टेशनया लिक्क दु ।
Try your best effort.,छिगु बांलागु कुतः यानादिसँ ।
Why are you going to the Hospital? ,छ अस्पताल छाय् वना च्वनागु ?
Please tell the name of the company you work?,छि ज्या यायेगु कम्पनीया नां छु खः धयादिसँ ?
Let me see that.   ,व जिं छक स्वये ।
Today all schools are closed.,थौं ब्वनेकुथित फुक्क बन्द जूगु दु ।
I like to watch movie.  ,जित: प्याखं स्वये यः ।
Why are you here?  ,छ थन छाय् ?    
Please mention your qualification?  ,छिगु योग्यता धयादिसँ ।
Show them to the correct way to liberation.,इमित मोक्ष लाइगु बांलाःगु लँपु क्यनाब्यु ।
Please give food for the poor.,चीमिपिन्त नयेगु नसा बियादिसँ ।
Please help to collect fund for helping the poor.,चीमितय्‌त ग्वाहालि याये नितिं हापं मुंकेत ग्वाहालि यानादिसँ ।
What do you do?    ,छं छु याना च्वनागु दु ?
May I know your name please ?,छिगु नां सीके ज्यू ला थें ?
I am going to play.    ,जि कासा म्हितः वनेत्यनागु दु ।
What is the noise there ?   ,अन छुकेया हा:स: ताये दु ?
Looks like he is drunk.,व अय्‌लाखं काःम्ह थें च्वं ।
I have a question to ask you.,जिं छितः न्यनेत न्ह्यस: दु ।
Please mention your qualification?  ,छिगु योग्यता धयादिसँ ।
His occupation is excellent.,वय्‌कःया लजगाः तसकं बांला ।
Red chilly is beautiful to look at.,ह्याउंगु मल्ता स्वयेबलय् बांलाः ।
The green chilly is very hot.  ,वाउँगु मल्ता तसकं पालु ।
Who drink all milk.        ,फुक्क दुरू सुनां त्वन ?
Hungry  ,नये पित्याः ।
"Console her, she is weeping.   ",व ख्वयाच्वन वैत ह्ययेकि ।
That movie made me cry.,व प्याखनं जितः ख्वयेकल ।
He is my best friend.        ,व जिमि दकलय् यःम्ह पासा ख: ।
My friend made me cry.      ,जिमि पासां जितः ख्वयेकल । 
His grand child is very nice.,वय्‌कःया छय्‌मचा तसकं बांला ।
Bitter melon is bitter in taste.,खाइककःचायागु सवाः खाइसे च्वं ।
Hali Newa Guthi is an association of all Newah.,हलिं नेवाः गुथि धैगु सकल नेवाःतय्‌गु संस्था खः ।
His cap is very nice .,वय्‌कःया तपुलि तसकं बांलाः ।  
Did you have your breakfast?,छिं सुथसिया कौला भपा दिया ला ?  
A book is to read and a copy is to write.,"सफू ब्वनेत ख:, कापी च्वयेत ख: ।"
An umbrella is useful during rain. ,वा वइबलय् कुसा ज्या ख्यले दु ।  
His garden is beautiful.             ,वय्‌कःया क्यब बांलाः ।  
We will have tiffin together . ,झी नापं तुच्चा याये ।
Where are you going ?      ,छ गन वने त्यना ?
I am not hungry today.   ,थौं जितः नये पित्याः मजू ।         
I do not have apatite today.  ,थौं जितः नये मास्ति मवः ।  
Literate people propose to go to foreign country.,ब्वनातःपिं मनूत विदेश वने ययेकी ।
There is no sunlight in my room.,जिगु क्वथाय निभा ज: मवः ।
Do not tease him.   ,वयात हायेके मते ।
"In early days, lamp black ink is used for writing. ","न्हापा, च्वयेत मत हाकः छ्यलीगु खः ।"
I crossed the river in a boat.  ,जिं द्वंगाय् च्वनाः खुसि छिना ।
That man looks addict.     ,व मनू बांमलाःगु लत लगे जूम्ह थें खनेदु । 
The smoke came from the burning of the incense stick.,धुं च्याकुगुलिं कुँ वःगु ख: ।
Sweet potato is a nice food.    ,चाकुहि छगू बांलाःगु नसा ख: ।
There is a tiger in the forest.     ,अन गुँइ धुँ छम्ह दु ।
He lost his sense.       ,वया सुद्धि मदये धुंकल ।
He is sick since yesterday. ,वय्‌कः म्हिगःनिसें मफुगु ख: ।
Nobody try to solve this problem. ,थ्व समस्याया समाधान यायेत सुनानं कुतः मयाः ।
Does your dog ever bite anyone? ,छंगु खिचां गबलें सुयातं न्याःगु दु ला ? 
Ram is hiding his book.,रामं वया सफू सुचुका च्वन ।
"It is raining today, do not go out. ","थौं वा वयाच्वन, पिहां वने मते ।"
You must come with me. ,छि जि नाप झाया हे दी माः ।
He came to work since yesterday morning. ,वय्‌कः म्हिगः सुथय्‌निसें ज्या यायेत वःगु खः ।
"In early days, lamp black ink is used for writing. ","न्हापा, च्वयेगु निंतिं मत हाकः छ्यलीगु खः ।"
Today I am going to join Art class. ,थौं जि चित्रकारिता कक्षाय् भर्ना जूवने त्यना ।
What will we drink.    ,आः झीसं छु त्वनेगु ?
What is the difference between come back & go back? ,हाकनं झासँ व लिहां झासँ निगः खँग्वलय् गुलि पाः ?
Don’t stare at him.  ,वयात क्वथीक स्वये मते ।
I am in trouble with the pain in my foot. ,जिगु पाली स्यानाः तसकं कष्ट जुयाच्वन ।
He set them in place forever and ever.,वं इमित सदां सदांया निंतिं थासय् तयाबिल । 
I am trusty.,जितः प्याः चाल ।
I like to have a cup of tea.,जितः छ्गू कप च्या माःगु दु ।
,
She is my sister.    ,व जिमि केहें ख: ।
How much is it?      ,थुकिया मू गुलि खः ?
I will send you recent picture. ,जिं छित नकतिनि कयागु किपा छवया हये ।
I love to sing.,जित मे हाले यः ।
He set them in place forever and ever.  ,वं इमित सदां सदांया निंतिं थासय् तयाबिल ।
I am trusty.   ,जितः प्याः चाल ।
We already woke up from the deep sleep.  ,स्याक्क न्ह्यलं ब्वानाः झी दने हे धुन । 
We all are united as one. ,झी फुकं छम्ह थें जुइधुन ।
We are joining together in our domain.,झी झीगु डोमेनय् थःथवय् स्वाना च्वना ।
We already have risen like bright light. ,थीगु ज: थें जुयाः झी सकलें लुइधुन ।
An eight folded mandala on a red background.,ह्याउँगु पृष्ठभूमिइ च्याबः लथ्याना तःगु मन्दः ।
A star inside the red circle.,ह्याङ्गु चाकलय् दुने छगः नगु ।
This is our Newah flag.,थ्व झीगु नेवाः ध्वाँय् ख: I
All of our lives are one.,झी सकसियां ज्यान छगू हे ख: ।
A nation composes of all ethnic people.,सकल जनजाति मुनाः छगू राष्ट्र ।
May our land get blissed with the Rainbow color.,कपंया उनं झीगु देय् झिली मिलि दनेमा ।
Let us decorate our country with our sweat and our blood.,झीगु च:तिं अले झीगु हिं देय्‌यात झः झः धायेक समा: याये ।
We move onward adorning our country.,झीगु देय्‌यात समाः यानाः झी न्ह्याः वने ।
Some countries have already achieved democracy.,छुं देसं न्हापा हे लोकतन्त्र हये धुंकल । 
Some country just begun to understand the meaning of democracy.,छुं देसं नकतिनि हे जक लोकतन्त्रया अर्थ थुइकेगु सुरु यात । 
"In Nepal, the democratic norm has already started to float in the minds of Nepalese people.","नेपालय्, नेपाःमि जनताया नुगलय् लोकतन्त्रया मान्यता न्हापा हे ल्यहें ल्यहें पुइगु सुरु जुइ धुंकल । "
"It is still uncertain when the people of Nepal are going get the final and conducive result of Democracy.""","थ्व अझ नं धाये मफु, नेपाःमितय्‌सं लोकतन्त्रपाखें ब्वलनीगु सुबिधा गुबलय् कायेखनी । "
Nepal has many layers of multi-cultural identity.,नेपालय् तःता तजिलजि म्हसीकाया तःगू बः दु । 
Nepal consists of numerous ethnic groups.,नेपालय् आपालं जनजातितय् पुचः दु ।
Nepalese people actually are better known by the term Gurkhas.,नेपाःमित धात्थे धायेमाःसा गुर्खा खँग्वलं बांलाक म्हस्यू । 
During World War I and II they were fighting for the British Army.,न्हापांगु व निक्वःगु विश्वयुद्धय् इपिं बेलायति सेनाया नितिं ल्वागु ख: ।
They have shown brevity during the war.,हःताःबलय इमिसं बांलाक साहस क्यंगु ख: ।
Many Victorian cross were being honored to the Gurkhas during the war. ,हःताःबलयया गुर्खातय्‌त यक्वं भिक्टोरियन क्रस बियाः हन ।
Victorian cross is the most honored medal in the British army.,भिक्टोरियन क्रस तक्मा बेलायति सेनाया दकलय् तःजिगु तक्मा खः । 
It is going to rain.,वा वइ थें च्वन ।   
Is it going to rain.,वा वये त्यन ला ?
We are not going to play football today.,जिपिं थौं फूटबल कासा म्हिते त्यनागु मदु ।
I like to drink coffee after lunch.,जितः ज्यःनाः धुंकाः कफि त्वने य: ‍। 
I like to drink coffee.,जितः कफि त्वने य: । 
I drink coffee regularly.,जिं न्ह्याबलें कफि त्वना ।
Breakfast,कौला ।             
Lunch,ज्यःनाः ।
Dinner,ब्यलि ।
Snack,तुच्चा ।
"Excuse me, I am not going to pay today.","माफ यानादिसँ, थौं जिं छितः ध्यबा पुले त्यनागु मदु ।  "
Excuse me !,माफ यानादिसँ ।
I can speak Nepal Bhasa.,जिं नेपालभाषां न्ववाये फु ।
I can speak Nepal Bhasa.,जिं नेपालभाषां खँ ल्हाये फु ।
I started learning Nepal Bhasa.,जिं नेपालभाषा सयेकेगु सुरु याना । 
There are nine different script used to write Nepal Bhasa.,नेपाल भाषा च्वयेत गुंगू बिस्कं लिपित दु ।
Ranjana script is a decorative script used to write Nepal Bhasa.,नेपालभाषां च्वयेत रंजना आखः छगू छाय्‌पालं जाःगु लिपि ख: ।
Most of the manuscripts are written in real gold ink with Ranjana script.,आपालं ग्रन्थत रन्जना आखलं लुँयागु मसिं च्वयातःगु दु ।  
I can write Nepal Bhasa in Ranjana script.,जिं रन्जना आखलं नेपालभाषा च्वये फु ।
I like to read. ,जित: ब्वने य: ।
There are better way to convince the Boss.,हाकिमयात पत्याः याकेत अन बांला:गु लँपु दु ।
There is a better way.,अन बांला:गु लँपु दु ।
There is a better way.,अन बांला:गु तरिका दु ।
There is a better way.,अन बांला:गु लँपु दु ।
In the summer the weather is hot. ,ताल्लाय् मौसम ता:न्वइ ।
I love my hair. ,जितः जिगु सँ यः ।
Are you going to join the group?,छु छि थुगु पुचलय् दुहां झायादी त्यनागु खः ला ?
Speak quietly.,बुलुहुं न्ववा ।
Friendship ends on love.,मित्रता मतिनाय् क्वचाइ ।
How rapidly the work of corruption progress.,गुलि याकनं भ्रष्ट्राचारया ज्या न्ह्यब्वात ।
For many years sheep have been eating the  valuable flower.,यक्व दँ न्ह्यवंनिसें भ्याय्‌चां थ्व मूवंगु स्वां नयाच्वन ।
I will be waiting for you.,जिं छितः पियाच्वने ।
Do you want to have breakfast?,छं कौला याये मं दु ला ?
I am ready to go.,जि वनेत तयार दु ।
I am going.,जि वने त्यना ।
I am going to toilet.,जि चःबि वनेत्यना ।
I am going to toilet.,जि पाइखाना वनेत्यना ।
The magnitude of the earthquake is measured in rector scale.,भूखाय्‌या कम्पनया मापन रेक्टर स्केलं याइ । 
Do you know the magnitude of the earthquake?,भूखाय्‌या कम्पन गुलि ख: छिं स्यू ला ? 
Did you noticed the earthquake last night ? ,वंगु चान्हय् भुखाय् ब्वःगु छिं वाः चाः ला ?
He came to work since yesterday morning.,व म्हिगः सुथंनिसें ज्या यायेत वल ।
He is working since yesterday morning.,वं म्हिगः सुथनिसें ज्या यानाच्वन ।
Do not harm your neighbor.    ,छिमि जःलाखःलायात दुख बी मते ।
We are going to Boston this week.,जिपिं थ्व वालय् बोस्टन वनेत्यनागु दु । 
They become accessible to hunters and poachers.,इपिं सिकार म्हितीपिं व अबैध रुपं सिकार याइपिनिगु निंतिं अःपुक दइ ।
Any excuse will serve a tyrant.,गुगुं नं बहानां उत्पिडकयात सेवा याइ । 
To finish this in time we need more effort.,थ्व ज्या इलय् सिधयेकेत झीसं आपालं कुत: याये माली ।  
Write down new word and phrase you read today.,छं थौं ब्वनागु न्हूगु खँग्वः व वाक्यांशत च्व ।   
Many houses got badly destroyed by the Earthquake.,भ्वखाचं यानाः आपालं छेँत बांमलाक्क स्यंकल ।
"Thirty years since all this happened, thirty years it took to rise.","थथे जूगु स्वीदँ दत, थुकियात भिंकेत स्वीदँ बित ।"
You are my friend.  ,छ जिम्ह पासा खः ।
You are my best friend.,छ जिम्ह तसकं मिले जूम्ह पासा ख: ।
This is not correct.,थ्व पाय्‌छि मखु ।
The TV is working. ,टिभी चले जुयाच्वन ।
That’s it.     ,व थ्व हे खः ।
I feel pain in my feet.,जिगु पालि स्याःगु दु ।
How are you going to enjoy Vacation?,छि बिदा गुकथं न्ह्यइका दी त्यनागु दु ? 
Come to your senses.,छि होसय् झासँ ।
Come to your senses.,छि होसय् झासँ ।
Please introduce yourself.,थःम्हं हे म्हसीका बियादिसँ ।
Students went to school.,ब्वनामित ब्वनेकुथी वन ।
When are you going to get the presentation.,छिं थःगु प्रस्तुति गुबलय् यानादी त्यना ?
When is your Scientific research presentation?,छिगु बैज्ञानिक अनुसन्धानया प्रस्तुति गुबलय् खः ?
It gets heavy rainfall in our village during rainy season.,बर्खा मौसमबलय् जिमिथाय् गामय् यक्व वा वइ ।  
We can save the water we can get during rainy season to use in the future.,बर्खा मौसमबलय् वइगु वातिलः लिपाया निंतिं छ्यलेत झीसं मुंके ज्यू ।
We continue to investigate failures in Umbilical ALSPA and Tow Wire.,जिमिसं अम्बिलिकल एएलएसपिए व टो वायरय् असफलतायात दुवालावं च्वना ।
My school is far.,जिगु ब्वनेकुथि तापाः ।
I am from Kathmandu.,जि येँपाखें खः ।
I am going to marry.,जि इहिपाः याये त्यना ।   
Ladies and gentleman.,भाजु मय्‌जुपिं ।
MY car is broken.,जिगु कार स्यनाच्वन ।
My TV got broken down.,जिगु टिभी स्यन ।
I took my lunch early today.,थौं जिं न्ह्यथाक्क ज्यःनाः याना ।
My house is small and old.,जिगु छेँ चिखा अले पुलांगु खः ।
No one likes you in the group.,पुचलय् छितः सुनानं मययेकू ।
More workers needed to finish in time,इलय् सिधयेकेत आपालं ज्यामित माली । 
He is not working from yesterday.,वं म्हिगःनिसें ज्या यानाच्वंगु मदु । 
The children are not healthy in this village.,थन गामय् च्वंपिं मस्तय्‌गु म्ह स्वये मज्यू ।
I quite going to the theater but expensive.,जि गुबलें गुबलें थियटर वना तर थिके ।
I am not going to the theater because it is expensive.,जि थियटरय् मवना छाय् धाःसा थ्व थिके । 
I like going to the theater but expensive.,जितः थियटर वने यः तर थिके ।
If you want to meet the owner go upstairs.,थुवा: नाप लायेगु जूसा थाहां झासँ ।
The owner is upstairs he is not able to come down.,"थुवाः तलय् दी, वय्‌कः कुहां झाये मफु ।"
Who helps when you need is a true friend,सुनां छितः मालीबलय् ग्वाहालि याइ व हे धात्थेंयाम्ह पासा खः ।
There were many flowers.,अन यक्व स्वां दु ।
Go out from this place.,थ्व थासं पिहां हुँ ।
Please go out from this place.,थ्व थासं पिहां झासँ ।
I went to eat rice.   ,जि जा नः वना ।
I did not know why he left.,व छाय वन जिं मस्यू ।
I did not know the reason for his leaving.,व वंगुया हुनि जिं मसिल ।
I took the thrash outside.,जिं फोहर पिने त्व:ता ।
What do you want to do in future.,छिं भविष्यय् छु यायेगु बिचाः यानादिया ?
There is a better way you could write the story.,छिं बाखं च्वयेत बांलाःगु तरिका दु ।
There is a better way to write a story.,बाखं च्वयेत बांलाःगु लँपु दु ।
Why are you going mad ?,छ छाय् वँय् चाया च्वना ? 
The foster mother of Buddha was the first lady to get membership to the Bhikkshuni Sangha.,बुद्धयात मचाबलय् ब्वलंकूम्ह मां भिक्षुणी संघया न्हापांम्ह मिसा दुज: ख: l   
Prevention is better than cure.,ल्वय्‌या निदान सिबय् नं रोकथाम यायेगु कुतः बांलाः जुइ । 
But he does not know how to do it properly as his wife. ,अय्‌नं वय्‌कलं वय्‌कःया कलातं थें पूवंक ज्या गथे यानाः यायेगु धकाः मस्यू ।
That technique faded mouth.,थ्व प्रबिधिं यानाः ख्वाः बुलुया वन ।   
The post office is next to the railway station.,हुलाक अड्डा रेल स्टेसन लिक्कसं दु l  
Most of the old Buddhist manuscripts were written in ink made of gold. ,आपालं पुलांगु बुद्ध धर्मग्रन्थ लुँयागु मसिं च्वयातःगु ख: ।
"I just took shower, my hair is still wet.","जि नकतिनि म्वः ल्हुया, अझ नं सँ प्याःनि ।"
I will let you know after booking the ticket.,टिकट बुकिङ याये धुंकाः जिं छन्त खबर बी ।
"This fish is poisonous, someone can die eating this.","थ्व न्या बिष दुम्ह खः, थ्वयात नल धाःसा सुं नं सीफु ।"
They joined the painting class.,इपिं चित्रकला कक्षाय् सहभागी जुल ।
"For this job, I need to work hard in the class.","थ्व ज्याया निंतिं, जिं अझ नं थुगु क्लासय् तच्वकं मिहनत याये मानि ।"
Children become smart if we teach them Philosophy. ,मस्तय्‌त दर्शनशास्त्र ब्वंकल धाःसा इपिं चलाख जुइ ।
I don't like that sort of comedy very much.,जितः अज्याःगु ख्याः याइगु तसकं मयः । 
I don't like that sort of comedy very much.,जित: अज्याःगु ख्याः तच्वकं मयः ।
It's going to rain soon.,याकनं हे वा वइन ।
Recently Win Me.   ,आः जितः त्याका दिसँ ।
How to grow plants from cuttings ?,माँयात कचापाखें गथे याना: ब्वलंकेगु ?
Let me see that.,जितः व छकः स्वये ब्यु ।
Are you asking me to create a new account?,छं जितः न्हूगु खाता चायेकेत धयागु ख: ला ?
"This is a miracle we all need, which we all have been waiting for today.","थ्व छगू झी सकसितं माःगु चमत्कारिक आवश्यकता खः, थुकियात झीसं थौं तक पियाच्वना ।"
Buddhism was developed six hundred years before Christ.,बौद्ध धर्म क्राइस्ट स्वयां ६०० दँ ह्यः विकास जूगु ख: ।
Sorry I’m busy today.,"माफ यानादिसँ, थौं जि लिमलाः ।"
Use of mask is compulsory in this place.,थ्व थासय् मास्क छ्यलेगु अनिवार्य खः ।   
Regularly wash your hand.,छिगु ल्हाः बरोबर सिलादिसँ ।
Situation of Covid in Nepal is getting slow.,नेपालय् कोविडया अवस्था म्ह्व जुया वनाच्वन ।
New Coron Virus variant is increasing.,न्हूगु कोरोना भाईरस भाईरेन्त अप्वया वनाच्वन ।  
In Nepal people effected by Corona is getting higher but the recovery is satisfactory.,नेपालय् कोरोनां प्रभावित जूपिं अप्वया वनाच्वन अय्‌सां ल्वय् क्वलाःपिनिगु ल्याः सन्तोषजनक खनेदु । 
On an average 10-12 people affected by Corona are dying in Nepal.,औसतय् नेपालय् कोरोनां थ्यूपिं १०-१२ मनूत सिनाच्वन ।
The death rate in Nepal among Corona effected people are very low compare to last months.,कोरोना भाइरसया संक्रमणं नेपालय् सीपिनिगु ल्याः वंगु लाय् सिबय् तसकं म्ह्व खनेदु ।
The flower is in consistence.,थ्व स्वां बांलाक मिले जू ।
My house was destroyed by the earthquake.,जिगु छेँ भुखाचं स्यंकल । 
What do you want to know?,छितः छु न्यने मास्ति वः ?
What else do you want to know?,छं छु खं सीके मास्ति वः ?
Happy Birthday!,बुन्हिया भिंतुना ।
Thank you!,सुभाय् !
This is my earning.,थ्व जिगु कमाई ख: ।
I like this pen.,जितः थ्व कलम य: ।
I went to my house.,जि जिमि छेँय् वना ।
Please go outside in the evening.,सन्याकाः इलय् पिहां झासँ ।
I live next door to your office.,जि छंगु ज्याकुथि लिक्कसं च्वनागु दु ।   
My car is expensive. ,जिगु कार थिकेगु ख: ।
I like the lady next door. ,जितः छेँ लिक्कसं च्वंम्ह मिसा य: ।
I saw you in the hall.    ,जिं छितः हलय् खना ।
The earthquake destroyed many houses.,भ्वखाचं आपालं छेँ स्यंकल ।
Do not harm your relatives.,थःथितिपिन्त दुःख बी मते ।
I got admission the music school.,जि संगीत ब्वनेकुथी भर्ना जुइखन ।
I got admission in the medical school.,जि मेडिकल स्कूलय् भर्ना जुइखन ।
I am looking old song but do not know to search it.,जिं पुलांगु मे मालाच्वना अय्‌सां थ्व गथे याना मालेगु मस्यू ।   
He is having lunch in the cafe.,व क्याफेय् लञ्च नयाच्वंगु दु ।
The car is not expensive.     ,थ्व कार थिके मजू ।
They are going to market.,इपिं बजार वनाच्वन ।
I am going my house.     ,जि जिमि छेँय् वनाच्वना ।
I hope she is okay.    ,जिं आशा याये वयात सकतां पाय्‌छि जू ।  
I am going to swim.   ,जि लाल कायेत वनाच्वना ।
Ram died all of a sudden.       ,राम आकाझाकां सित ।
Can you give me Rs. 500 for a week.,छवा:या नितिं छिं जितः ५०० तका दां बियादी फै ला ?
"Anyone can see, nothing really matters to me.","न्ह्याम्हस्यां स्वयेफु, धात्थें जितः छुं मपाः ।"
Are you learning to drive the car?,छिं कार चले यायेगु स्यना च्वनागु खः ला ?
Why are you not working today?,छि थौं छाय् ज्या याना मदियागु ?
I like to have a cat.   ,जित: छम्ह भौचा दइगु य: ।
It is raining today.     ,थौं वा वयाच्वंगु दु ।
Did you get admission in the hospital?,छि अस्पतालय् भर्ना जुया दियागु खः ला ?
I like to learn my mother tongue.,जिगु मांभाय् स्यने जितः य: ।
They were not  admitted to the music class.,इपिं संगीत कक्षाय् भर्ना मजुल ।
I started singing after watching the movie.,संकिपा स्वयेधुंकाः जिं मे हालेगु सुरु याना ।
The police station is next to the hospital.,अस्पताल लिक्क प्रहरी चौकी दु l
"Instead, they demand ""How old is he?","उलि जक मखु, इमिसं धाल ""व ग्वःदँ याम्ह ?"""
I am hungry.   ,जितः नये पित्यात ।
He left the bank after getting cash.,ध्यबा कायेधुंकाः व बैंकं पिहां वन ।
My home.    ,जिगु छेँ ।
I love my mother tongue.,जितः जिगु मांभाय् प्रति मतिना याना ।
We have two cows.     ,जिमिके निम्ह सा दु ।
I used to play soccer.   ,जि सोकर वरोबर म्हिता ।
Apple is red.   ,स्याउ ह्याउँसे च्वं ।
Do not bring any shoes.    ,गुगुं नं लाकां हयादी मते ।
This is my new article.    ,थ्व जिगु न्हूगु च्वसु खः ।
"I don't know, but I think I know who she is.","जिं छुं मस्यू, अय्‌सां जिं स्वयेबलय् जिं व सु ख: धकाः म्हस्यू ।  "
Uber hurts their business.,युबरं इमिगु ब्यापार स्यंकी ।
I tend to hold the match for long I always got burned.,जिं म्याचयात ताहा: तक दिका जितः न्ह्याबलें जलन जुइगु खः ।
"So, please, once more, make sure that all details have been taken into account.","उकिं, कृपायाना, छकः हाकनं, ब्याक्क विवरण पक्का यानाः खाताय् तयादिसँ ।"
Is she your sister? Yeah she is.,"व छिमि केहें ख: ला ? ख:, व हे ख: l"
Do you often change your mobile phone?,छु छिं बरोबर मोबाइल फोन हिला दिया ला ? 
"My speaking is good, but I have to work hard on my reading and writing!  ","जि न्ववायेगु बांलाः, अय्‌सां जिगु ब्वनेगु व च्वयेगुया नितिं आपालं मेहनत याये मानि । "
They were at home in Sao Paulo.,इपिं साओ पाउलोया छेँय् दु । 
It was a nice game. ,थ्व तसकं यइपुगु कासा खः ।
I save money repairing the TV.,जिं टिभी मर्मत यानाः ध्यबा बचे याना ।
I like to have pork.    ,जितः बंडेलया ला य: ।
The TV is working good.  ,टिभी बांलाक ज्या यानाच्वंगु दु ।
My grandfather is coming to visit us soon.,जिमि अजा जिमिथाय् याकनं हे झायादी त्यंगु दु ।
Interested in a three-month expense paid journey ?,स्वलाया खर्च पुलेधुंकूगु यात्रा याये न्ह्याः ला ?    
It was a nice game.,थ्व तसकं यइपुगु कासा खः ।
I got admitted in the hospital today. ,जि थौं अस्पतालय् भर्ना जुया |
Intermediate Shutdown: Less Than Three Days.,इन्टरमिडिएट सतडाउन : स्वन्हु सिबय्  म्ह्व ।
Are you coming to see me in my office today ?,छु छि जिगु ज्याकुथिइ जितः नाप लायेत झायादी त्यनागु खः ला ? 
Many houses got badly destroyed by the Earthquake. ,भुखाचं आपालं छेँ बांमलाक्क स्यंकल ।
I like to study Buddhist philosophy.,जित: बौद्ध दर्शनया अध्ययन याये य: |
I am not going to play football today.,जि थौं फुटबल कासा म्हिते त्यनागु मदु ।
"If I saw her, I should speak to her.","जि वयात खंसा, जि वलिसे खँ ल्हाये माली ।"
I got a new job.     ,जितः न्हूगु जागिर दत ।
Think positively.   ,सकारात्मक बिचाः या ।
Do not go outside because it is raining soon.,पिहां वने मते छाय्‌धाःसा आः याकनं वा वयेत्यंगु दु ।
Intermediate Shutdown: Less Than Three Days.,इन्टरमिडिएट सतडाउन : स्वन्हु सिबय्  म्ह्व ।
Are you coming to see me in my office today ?,छु छि जिगु ज्याकुथिइ जितः नाप लायेत झाया दीगु खः ला ?  
Many houses got badly destroyed by the Earthquake. ,भुखाचं आपालं छेँ बांमलाक्क स्यंकल ।
I like to study Buddhist philosophy.,जित: बौद्ध दर्शनया अध्ययन याये य: |
He writes a story.                           ,वं बाखं च्वइ ।
He is writing a story.   ,वं बाखं च्वयाच्वन ।
He wrote a story.          ,वय्‌कलं बाखं च्वयादिल ।
Where did you go?                                   ,छि गन झायादिया ?
Do you know me ?         ,छिं जितः म्हस्यू ला ?  
I do not know you ?   ,जिं छन्त म्ह मस्यू ।
This is my coat.           ,थ्व जिगु कोत खः ।
It is a word of emphasis.       ,थ्व ब: बीगु खँग्वः ख: ।
A beautiful woman.  ,बांलाम्ह मय्‌जु ।
I like to marry with a beautiful woman.,जितः बांलाःम्ह मय्‌जु लिसे ब्याहाः याये य: ।
Park ,ख्य:
Marriage ,इहिपाः
Soccer ,भकुंग्वारा
Divorce ,पारपाचुके
We are going to the painting competition.,जिपिं चित्रकला धें धें बल्लाः कासाय् ब्वति काः वनेत्यना ।
Earthquake,भुखाय्
How long have you been here?,छ थन गुलि न्ह्यवंनिसें च्वँच्वनागु खः ?
How long have you been here?,छ थन गुब्लय् निसें च्वँच्वनागु ?
They are fighting with their tanks and their bombs.,इपिं इमिगु ट्यांक व इमिगु बम लिसें ल्वानाच्वन । 
Any excuse will serve a tyrant.,गुगुं नं माफिं यानाः अत्याचारी शासकतय्‌त सेवा जू वनी । 
I want to eat chicken. ,जितः खायागु ला नये मास्ति वल ।  
It is all right.       ,थ्व पाय्‌छि हे खः ।
She said I am beautiful.,वं धाल जि बांलाः ।  
I study Culture and Communication.,जिं संस्कृति व सञ्चार अध्ययन याना ।
Where did you go primary school?,छ गन प्राथमिक ब्वनेकुथिइ आखः ब्वना ?        
Where was I born?,जि गन बूगु खः ?
This may be an interesting story.,थ्व बाखं रूचि दुगु जुइमाः ।
I do not know how to drive a car.,कार गथे यानाः चले यायेगु धाः जिं मस्यू । 
I like to go for a walk.,जितः न्यासि वने मास्ति वः ।     
Something went wrong.,छुं मखु थें जुल ।
The minimum that can be sold is 4.,म्ह्वतिं नं गुगु मी फैगु खः व ४ खः ।
,
Do not forsake wisdom.   ,बुद्धियात गुब्लें परित्याग याये मते ।
This is my cap.      ,थ्व जिगु तपुलि खः ।
Give me a cup of milk.       ,जितः छगु कप दुरू बियादिसँ l
I want to go movie.              ,जितः प्याखं स्वः वने यः ।
I like this woman        ,जितः थुम्ह मिसा यः ।
I am a beggar.            ,जि छम्ह फ्वगिं खः l
This is my hut.           ,थ्व जिगु भिखाछेँ खः ।
This is my shop.        ,थ्व जिगु पस: खः ।
He is a wealthy person.  ,वय्‌क त:मिम्ह मनू खः l
He is a famous person.  ,वय्‌कः नांदंम्ह मनू खः l
He is a clever person.    ,वय्‌कः छम्ह चलाखम्ह मनू खः ।
I like boiled egg for breakfast today.,जितः थौं सुथसिया कौलाय् मनातगु खेँय् य: l
The music school is near the police station.,संगीतया ब्वनेकुथि प्रहरी परिसर लिक्कसं दु ।
Can we give ourselves one more chance?,छु झीसं झीत छगू अप्वः मौका बी फै ला ?
Why is she wearing completely white dress?,वं छाय् पूवंक तुयूगु वसः फिनातःगु खः ?
It is the computer the best invention that helps technological development.,कम्पुटर छगू भिंगु आविष्कार खः गुकिं यानाः प्राबिधिक विकासयात ग्वाहालि याइ ।
I believe she still mourns your late wife.,जितः विश्वास दु वय्‌कलं अझ नं छिगु मदुम्ह कलाःयात ल्वःमंके मफुनि ।
To plug with material A36.,मेटेरियल A ३६ लिसे प्लग यायेत
Rock climbing seriously/ how often do you go rock climbing.,ल्वहंब्व गयेगु गम्भिरता पूर्वक / अक्सर छि ग्वःक्वः ल्वहंब्व गयेत झाया ?  
You should see four.,छं प्यंगू खनेमाः ।
complete the sentences about louis that has or doesn't.,दै व दैमखु खँग्वः छ्यलाः लुइसया वारे खँपु पूवंका दिसँ ।
The screams all sound the same.,चिल्लाय् दंगु सः सकतां उत्थें जुइ ।
We also find that bills with larger numbers of cosponsors enjoy higher success rates.,जिमिसं नं सीका कि यक्व ल्याखय् सह-प्रायोजकया बीलय् यक्व सफलता दर प्राप्त जुइ । 
"Talk about the good old days, lol.","न्हापाया बांलालगु न्हियागु वारे खँ ल्हानादिसँ, लोल ।"
We would like that very much.,जिमिसं वयात तसकं ययेका ।
This should also be considered during equipment selection.,मालवस्तु ल्ययेबलय् थुकी नं बिचाः याये माः । 
After school once a week on Wednesdays.,वालय् छन्हु बुधबार स्कुल लिपा ।
Have a wonderful Saturday and I hope that we can communicate again soon.,अजूचाइपुगु सनिबार हनादिसँ अले झीसं हाक्कनं सहलह ब्याके दै धकाः जिं भलसा कयाच्वना ।
It didn't matter that Dan had been cheating on her for three years.,थुकिं छुं मपाः छाय्‌धासा डाँनं स्वदँनिसें वयात धोखा बियाच्वंगु ख: l   
Fighting games make my hands cramp up.,ल्वायेगु कासा म्हिताः जिगु ल्हाती कथिं दाः थें जुल ।  
two behavioral health specialists in every classroom.,हरेक कक्षाक्वथाय् निम्ह व्यवहारिक स्वास्थ्य विशेषज्ञ ।
"ok, we will choose the question for this order.","ज्यू, जिमिसं थुगु उजंया निंतिं न्ह्यसः ल्यये ।"
Proceed to evaluate waste in the work process.,ज्या यानावःगुली सितिं वनाच्वंगु सामानयागु मूल्यांकन न्ह्याकादिसँ ।
Hello and welcome to the Speaking and Listening Course for Lower Intermediate English students.,ज्वजलपा अले क्वय्‌या इंटरमीडिएट अंग्रेजी ब्वनामितय् निंतिं न्ववायेगु व न्यनेगु कोर्सय् लसकुस दु । 
on the premise of his company. ,वयागु कम्पनियागु लागाय्
Their shape can be everything from rectangular to cylindrical.,थुकियागु बां आयताकार निसें त्याःचा चिंगु बांतक न्ह्यागु नं जुइफै । 
They are our neighbor.,इपिं जिमि जःलाखःला खः ।
I will go and went.,जि वनेगु व वना ।
sleep,न्ह्यलं ब्वाये ।  
they always make me laugh.,इमिसं न्ह्याबलें जित: न्हीकी ।
for the restfulness by night in the dark.,चान्हय् ख्युंबलय् आरामया निंतिं ।
I like to go for an walk in the mountain.,जितः गुँइ न्यासि वने यः ।
He took his son to the park.,वं वया काय्‌यात ख्यलय् यंकल ।
He has bought a car.   ,वं कार न्यात l  
Do you want to have coffee?,छितः कफि त्वने मास्ति वः ला ?
Plastic is another synthetic material.,प्लास्टिक छगू मेगु सिन्थेटिक सामाग्रि खः ।  
I want to go to school.,जितः ब्वनेकुथिइ वने मास्ति वः ।
What can I do?             ,जिं छु याये फु ?
My father married my mother sixty five years ago.,जिमि अबुं जिमि मांयात खुइन्यादँ न्ह्यः इहिपाः यानादीगु खः । 
I do not understand.    ,जिं मथू ।
I want to go to school.    ,जितः ब्वनेकुथी वने मास्ति वः ।
Buddhist manuscript are found in British museum.,बेलायतया म्युजियमय् बौद्ध हस्तलिखित ग्रन्थत दइ ।
How far are you going?      ,छि गुलि तापाक्क झायादी त्यनागु ?
They went to school.       ,इपिं ब्वनेकुथी वन ।
Shafts shall be parallel.  ,शाफ्ट समानान्तर जुइमाः ।
"If you are available in the morning, it might be good for me.",छितः सुथय् नापलाये दःसा जितः तसकं बांलाइ ।
Most of his childhood he traveled with his mother.,वया अप्वः धयाथें मचासू इलय् मांनाप चाःहिल ।
He traveled with his mother for most of his childhood.,अप्वः धया थें मचासू ईया निंतिं व वया मांनाप चाः हिल । 
Ignore,ध्यान बी मते ।
"Consume sweets, salty snacks and alcohol in moderation.","चाकुमरि, चिसवाः वःगु स्नाक व अय्‌लाः म्ह्व नयेगु या ।  "
"I bought the game and just wanted to record for my YouTube channel, this content is mine.","जिगु यूट्यूब च्यानलय् रिकर्ड याये मास्ति वःगुलिं जिं छगू कासा न्याना, थ्व सामाग्रि जिगु खः । "
Which of these would be the most likely cause of a hijacked email device?,थ्व मध्यय् गुगु हाइजाएक जूगु इमेल उपकरणया दकलय् सम्भावित हुनि जुइ ?
"Everyone's public key is published, while the private key is kept secret.","सकसियागु सार्वजनिक ताःचा ब्वयातःगु जूसां, नीजि ताःचा गोप्य तयातइ ।  "
"All Saints, November 1.","दक्व महात्मात, नोभेम्बर १ "
I'm interested if you would consider helping to coach the team.,छिं टीमयात प्रशिक्षित यायेत ग्वाहालि यायेगुली बिचाः यानादिल धाःसा जि इच्छुक जुइ । 
Does she start at half past 2?,छु वय्‌कलं निताःत्या इलय् ह्याका दी ला ?
THE METHODS OF FIRE MAKING. 401,मि दयेकेगु तरीका ४०१ ।
Use the following words: a.,थन न्ह्यथना तःगु खँग्वः छ्यलादिसँ ए. 
Use the following words: a.,क्वय् न्ह्यथना तःगु खँग्वः छ्यलादिसँ ए. 
Robots are subsidiary to human beings.,रोबोट मनूतय् गुहालिमि ख: ।
I am coming to meet you in your Office.,जि छन्त नाप लायेत छंगु ज्याकुथिइ वयाच्वना ।
My friend's leg is broken.,जिमि पासाया तुति त्वःधुल l
I am not feeling well.,जित: म्हसुकु मदु । 
I cannot sleep.,जि द्यने मफुत l
Cannot sleep.                       ,न्ह्यः मवः ।
I feel dizzy.        ,जित: इकुसे च्वन ।
I feel cold.,जित: सेय्‌खं चाः ।
I feel nauseous.     ,जित: ल्ह्वये वइ थें जुल ।
It is difficult to breath.               ,सासः ल्हायेत थाकुल ।
Where does it hurt.         ,गन स्या: ?
Does it hurt here?      ,थन स्या: ला ?
It is very hot today.,थौं तसकं तांन्व: l  
It was cold yesterday.,म्हिगः चिकुसे च्वंगु खः ।
It snows sometimes.,गबलें गबलें च्वापु गाः l
Lightning struck a tree.,सिमाय् मल: जूवल l
I want to learn to play the drum.,जित: धीमे बाजं थायेगु सयेके मास्ति व:l
How long does it take to learn?,सयेकेत गुलि ई काइ ?
Where can I find a teacher to teach me?,जित: स्यनीम्ह गुरु जिं गन लुइके फइ ?
How much for a kilo meat?,ला छगू किलोया गुलि ?
I want only lean meat.,जितः नलू जक माः ।
I do not want any fat.,जितः गुगुं दा: मयः ।
There is somebody to see you.,छन्त नापलायेत सुं वल l   
Do you have pumpkins?,छिकेय् फसि दु ला ?
I do not have smaller bills.,जिकेय् चा:चू मदु l
Is this water good to drink?,थ्व ल: त्वने ज्यू ला ?
Please give me a cup of black tea.,जित: छगू कप हाकुगु च्या बियादिसँ l
Please give me a cup of tea without sugar and milk.,जित: चीनी व दुरू नितां मदुगु छगू कप च्या बियादिसँ l 
"Do you have something to eat, I am hungry.","जित: नये पित्यात, छिकेय् नयेगु छुं दु ला ?"
What is the name of this place?,थ्व थाय्‌या नां छु ख: ?
Where can I find a bus to Kathmandu?,येँय् वनेगु बस जिं गन लुइके फइ ?
How much do I pay for the ticket to Kathmandu?,येँ वनेगु बसया टिकटया निंतिं जिं गुलि पुले माली ?
He took his son.      ,वं वया काय्‌यात यंकल ।
This is not your home.,थ्व छिगु छेँ मखु ।
Use filter water for drinking.,त्वनेत फिल्टरया लः छ्यलादिसँ ।
Are you busy now?    ,आः छि लिमलाः ला कि ?
I started working after a weeklong rest.,वाः यंक आराम कयाः जिं ज्या सुरु याना ।
The earthquake               ,भुखाय् 
Where are you going?,छ गन वने त्यनागु ?
I am going out.  ,जि पिने वनाच्वना । 
